Function	CPU Time	CPU Time:Effective Time	CPU Time:Effective Time:Idle	CPU Time:Effective Time:Poor	CPU Time:Effective Time:Ok	CPU Time:Effective Time:Ideal	CPU Time:Effective Time:Over	CPU Time:Spin Time	CPU Time:Overhead Time	Instructions Retired	Microarchitecture Usage(%)	Microarchitecture Usage:Microarchitecture Usage(%)	Microarchitecture Usage:CPI Rate	Module	Function (Full)	Source File	Start Address
Core::LSH::random_projection	192.056260	192.056260	0.0	86.164916	85.094296	20.797048	0.0	0.0	0.0	738128000000	43.7	43.7	0.880433	mscrush_on_general_charge	Core::LSH::random_projection(std::vector<Core::EmbededPeak, std::allocator<Core::EmbededPeak>> const&, std::vector<std::vector<float, std::allocator<float>>, std::allocator<std::vector<float, std::allocator<float>>>> const&, bool)	[Unknown]	0x40e790
__GI_____strtoll_l_internal	127.849064	127.849064	54.421527	73.427537	0.0	0.0	0.0	0.0	0.0	779632000000	68.0	68.0	0.557494	libc-2.17.so	__GI_____strtoll_l_internal	[Unknown]	0x3b000
Utility::IO::ReadSpectraFromMGF	36.816328	36.816328	16.209390	20.606938	0.0	0.0	0.0	0.0	0.0	153616000000	48.7	48.7	0.811061	mscrush_on_general_charge	Utility::IO::ReadSpectraFromMGF(std::vector<Core::Spectrum*, std::allocator<Core::Spectrum*>>*, std::unordered_map<int, std::vector<int, std::allocator<int>>, std::hash<int>, std::equal_to<int>, std::allocator<std::pair<int const, std::vector<int, std::allocator<int>>>>>*, std::unordered_map<std::string, int, std::hash<std::string>, std::equal_to<std::string>, std::allocator<std::pair<std::string const, int>>>*, int*, std::string, float, float, float, float, int, int, bool, bool, bool)	[Unknown]	0x40af20
func@0x18ad0	36.441111	36.441111	0.0	27.525946	8.915165	0.0	0.0	0.0	0.0	46704000000	32.9	32.9	2.696471	libgomp.so.1.0.0	func@0x18ad0	[Unknown]	0x18ad0
std::string::find	35.110340	35.110340	15.133767	19.976573	0.0	0.0	0.0	0.0	0.0	178192000000	61.7	61.7	0.672353	libstdc++.so.6.0.19	std::string::find(char const*, unsigned long, unsigned long) const	[Unknown]	0xbd2e0
std::getline<char, std::char_traits<char>, std::allocator<char>>	23.398555	23.398555	10.055825	13.342730	0.0	0.0	0.0	0.0	0.0	87392000000	49.9	49.9	0.875137	libstdc++.so.6.0.19	std::basic_istream<char, std::char_traits<char>>& std::getline<char, std::char_traits<char>, std::allocator<char>>(std::basic_istream<char, std::char_traits<char>>&, std::basic_string<char, std::char_traits<char>, std::allocator<char>>&, char)	[Unknown]	0x767b0
__logf_finite	22.748178	22.748178	9.865715	12.882463	0.0	0.0	0.0	0.0	0.0	63904000000	37.3	37.3	1.194291	libm-2.17.so	__logf_finite	[Unknown]	0x2d3d0
func@0x18c30	22.713158	22.713158	0.0	21.542480	1.165675	0.005003	0.0	0.0	0.0	29456000000	34.0	34.0	2.651820	libgomp.so.1.0.0	func@0x18c30	[Unknown]	0x18c30
Utility::IO::BinTopKPeak	15.839176	15.839176	6.473750	9.365425	0.0	0.0	0.0	0.0	0.0	47088000000	33.8	33.8	1.187224	mscrush_on_general_charge	Utility::IO::BinTopKPeak(std::vector<Core::Peak, std::allocator<Core::Peak>>*, std::vector<Core::Peak, std::allocator<Core::Peak>> const&, int, int, float)	[Unknown]	0x4097a0
p_cluster	13.292701	13.292701	0.010006	13.242672	0.040023	0.0	0.0	0.0	0.0	16304000000	14.9	14.9	2.774289	mscrush_on_general_charge	p_cluster(std::vector<Core::Spectrum*, std::allocator<Core::Spectrum*>>*, Core::HyperParams*, char, std::vector<std::vector<Core::Spectrum*, std::allocator<Core::Spectrum*>>, std::allocator<std::vector<Core::Spectrum*, std::allocator<Core::Spectrum*>>>>*, int, int, float)	[Unknown]	0x40fe70
memchr	12.137031	12.137031	5.463165	6.673866	0.0	0.0	0.0	0.0	0.0	47824000000	46.4	46.4	0.891268	libc-2.17.so	memchr	[Unknown]	0x8f030
std::string::_M_mutate	11.231506	11.231506	4.942863	6.288643	0.0	0.0	0.0	0.0	0.0	59952000000	63.9	63.9	0.661062	libstdc++.so.6.0.19	std::string::_M_mutate(unsigned long, unsigned long, unsigned long)	[Unknown]	0xbde30
__memcpy_ssse3_back	11.141454	11.141454	4.912846	6.228608	0.0	0.0	0.0	0.0	0.0	31728000000	35.0	35.0	1.208270	libc-2.17.so	__memcpy_ssse3_back	[Unknown]	0x154b60
std::string::append	9.600562	9.600562	4.437571	5.162991	0.0	0.0	0.0	0.0	0.0	23328000000	33.3	33.3	1.381344	libstdc++.so.6.0.19	std::string::append(char const*, unsigned long)	[Unknown]	0xbebb0
strtol	7.679449	7.679449	3.361948	4.317501	0.0	0.0	0.0	0.0	0.0	25472000000	56.9	56.9	0.953518	libc-2.17.so	strtol	[Unknown]	0x3afb0
_int_malloc	7.459321	7.459321	0.835484	6.543791	0.080046	0.0	0.0	0.0	0.0	8720000000	16.5	16.5	2.941284	libc-2.17.so	_int_malloc	[Unknown]	0x81f80
std::istream::sentry::sentry	4.657698	4.657698	2.131235	2.526464	0.0	0.0	0.0	0.0	0.0	35344000000	100.0	100.0	0.441376	libstdc++.so.6.0.19	std::istream::sentry::sentry(std::istream&, bool)	[Unknown]	0x7eb70
_int_free	4.117385	4.117385	0.260151	3.822214	0.035020	0.0	0.0	0.0	0.0	7664000000	29.4	29.4	1.818372	libc-2.17.so	_int_free	[Unknown]	0x80e10
Core::Distance::cosine	3.331930	3.331930	0.0	3.331930	0.0	0.0	0.0	0.0	0.0	7712000000	28.8	28.8	1.358921	mscrush_on_general_charge	Core::Distance::cosine(std::vector<Core::Peak, std::allocator<Core::Peak>> const&, std::vector<Core::Peak, std::allocator<Core::Peak>> const&, float)	[Unknown]	0x40d910
malloc_consolidate	2.186267	2.186267	0.190110	1.991153	0.005003	0.0	0.0	0.0	0.0	1360000000	9.0	9.0	5.623529	libc-2.17.so	malloc_consolidate	[Unknown]	0x80390
merge_hashtable	2.016168	2.016168	0.0	1.966139	0.050029	0.0	0.0	0.0	0.0	4064000000	24.4	24.4	1.515748	mscrush_on_general_charge	merge_hashtable(std::vector<std::vector<Core::Spectrum*, std::allocator<Core::Spectrum*>>, std::allocator<std::vector<Core::Spectrum*, std::allocator<Core::Spectrum*>>>>*, int, std::vector<std::vector<Core::Spectrum*, std::allocator<Core::Spectrum*>>*, std::allocator<std::vector<Core::Spectrum*, std::allocator<Core::Spectrum*>>*>> const&, std::vector<std::vector<int, std::allocator<int>>*, std::allocator<std::vector<int, std::allocator<int>>*>> const&)	[Unknown]	0x4120d0
__libc_malloc	1.966139	1.966139	0.195113	1.761020	0.010006	0.0	0.0	0.0	0.0	5280000000	47.3	47.3	1.200000	libc-2.17.so	__libc_malloc	[Unknown]	0x85740
__memmove_ssse3_back	1.931119	1.931119	0.065038	1.856075	0.010006	0.0	0.0	0.0	0.0	2432000000	14.6	14.6	2.532895	libc-2.17.so	__memmove_ssse3_back	[Unknown]	0x15a100
Utility::IO::SelectTopPeakMZ	1.846069	1.846069	0.645374	1.200696	0.0	0.0	0.0	0.0	0.0	3968000000	23.6	23.6	1.552419	mscrush_on_general_charge	Utility::IO::SelectTopPeakMZ(std::vector<Core::Peak, std::allocator<Core::Peak>> const&, int)	[Unknown]	0x4089e0
free	1.500869	1.500869	0.060035	1.415820	0.025014	0.0	0.0	0.0	0.0	800000000	6.3	6.3	6.220000	libc-2.17.so	free	[Unknown]	0x85b60
p_lsh	1.385803	1.385803	0.0	0.690400	0.555322	0.140081	0.0	0.0	0.0	3792000000	24.1	24.1	1.443038	mscrush_on_general_charge	p_lsh(std::vector<Core::Spectrum*, std::allocator<Core::Spectrum*>>*, std::vector<int, std::allocator<int>>*, std::vector<std::vector<float, std::allocator<float>>, std::allocator<std::vector<float, std::allocator<float>>>>&, std::vector<Core::Spectrum*, std::allocator<Core::Spectrum*>>*, int, int, int)	[Unknown]	0x412380
func@0x4038a0	1.265733	1.265733	0.555322	0.710412	0.0	0.0	0.0	0.0	0.0	7344000000	63.2	63.2	0.575163	mscrush_on_general_charge	func@0x4038a0	[Unknown]	0x4038a0
std::__introsort_loop<__gnu_cxx::__normal_iterator<Core::Peak*, std::vector<Core::Peak, std::allocator<Core::Peak>>>, long, __gnu_cxx::__ops::_Iter_less_iter>.isra.261	0.935542	0.935542	0.290168	0.645374	0.0	0.0	0.0	0.0	0.0	2336000000	34.2	34.2	1.390411	mscrush_on_general_charge	void std::__introsort_loop<__gnu_cxx::__normal_iterator<Core::Peak*, std::vector<Core::Peak, std::allocator<Core::Peak>>>, long, __gnu_cxx::__ops::_Iter_less_iter>(__gnu_cxx::__normal_iterator<Core::Peak*, std::vector<Core::Peak, std::allocator<Core::Peak>>>, __gnu_cxx::__normal_iterator<Core::Peak*, std::vector<Core::Peak, std::allocator<Core::Peak>>>, long, __gnu_cxx::__ops::_Iter_less_iter).isra.261	[Unknown]	0x408500
logf	0.905525	0.905525	0.410238	0.495287	0.0	0.0	0.0	0.0	0.0	352000000	15.2	15.2	9.272727	libm-2.17.so	logf	[Unknown]	0x32090
func@0x5b2a0	0.900522	0.900522	0.370214	0.530307	0.0	0.0	0.0	0.0	0.0	1600000000	27.1	27.1	2.040000	libstdc++.so.6.0.19	func@0x5b2a0	[Unknown]	0x5b2a0
Utility::IO::SetConsensus	0.870504	0.870504	0.0	0.870504	0.0	0.0	0.0	0.0	0.0	3312000000	42.2	42.2	0.966184	mscrush_on_general_charge	Utility::IO::SetConsensus(Core::Spectrum*, Core::Spectrum const&, Core::Spectrum const&, float, int, float, float, float, std::string, std::string)	[Unknown]	0x40a4e0
std::generate_canonical<double, (unsigned long)53, std::mersenne_twister_engine<unsigned long, (unsigned long)32, (unsigned long)624, (unsigned long)397, (unsigned long)31, (unsigned long)2567483615, (unsigned long)11, (unsigned long)4294967295, (unsigned long)7, (unsigned long)2636928640, (unsigned long)15, (unsigned long)4022730752, (unsigned long)18, (unsigned long)1812433253>>	0.835484	0.835484	0.005003	0.570330	0.260151	0.0	0.0	0.0	0.0	4496000000	53.9	53.9	0.761566	mscrush_on_general_charge	double std::generate_canonical<double, (unsigned long)53, std::mersenne_twister_engine<unsigned long, (unsigned long)32, (unsigned long)624, (unsigned long)397, (unsigned long)31, (unsigned long)2567483615, (unsigned long)11, (unsigned long)4294967295, (unsigned long)7, (unsigned long)2636928640, (unsigned long)15, (unsigned long)4022730752, (unsigned long)18, (unsigned long)1812433253>>(std::mersenne_twister_engine<unsigned long, (unsigned long)32, (unsigned long)624, (unsigned long)397, (unsigned long)31, (unsigned long)2567483615, (unsigned long)11, (unsigned long)4294967295, (unsigned long)7, (unsigned long)2636928640, (unsigned long)15, (unsigned long)4022730752, (unsigned long)18, (unsigned long)1812433253>&)	[Unknown]	0x40f360
__ieee754_log_avx	0.645374	0.645374	0.0	0.455264	0.190110	0.0	0.0	0.0	0.0	2336000000	65.0	65.0	0.780822	libm-2.17.so	__ieee754_log_avx	[Unknown]	0x5ba80
std::vector<Core::EmbededPeak, std::allocator<Core::EmbededPeak>>::_M_realloc_insert<Core::EmbededPeak>	0.620359	0.620359	0.190110	0.430249	0.0	0.0	0.0	0.0	0.0	2144000000	62.8	62.8	0.768657	mscrush_on_general_charge	void std::vector<Core::EmbededPeak, std::allocator<Core::EmbededPeak>>::_M_realloc_insert<Core::EmbededPeak>(__gnu_cxx::__normal_iterator<Core::EmbededPeak*, std::vector<Core::EmbededPeak, std::allocator<Core::EmbededPeak>>>, Core::EmbededPeak&&)	[Unknown]	0x40d1f0
std::__detail::_Map_base<std::string, std::pair<std::string const, int>, std::allocator<std::pair<std::string const, int>>, std::__detail::_Select1st, std::equal_to<std::string>, std::hash<std::string>, std::__detail::_Mod_range_hashing, std::__detail::_Default_ranged_hash, std::__detail::_Prime_rehash_policy, std::__detail::_Hashtable_traits<(bool)1, (bool)0, (bool)1>, (bool)1>::operator[]	0.600348	0.600348	0.270157	0.330191	0.0	0.0	0.0	0.0	0.0	80000000	3.2	3.2	23.800000	mscrush_on_general_charge	std::__detail::_Map_base<std::string, std::pair<std::string const, int>, std::allocator<std::pair<std::string const, int>>, std::__detail::_Select1st, std::equal_to<std::string>, std::hash<std::string>, std::__detail::_Mod_range_hashing, std::__detail::_Default_ranged_hash, std::__detail::_Prime_rehash_policy, std::__detail::_Hashtable_traits<(bool)1, (bool)0, (bool)1>, (bool)1>::operator[](std::string const&)	[Unknown]	0x40d7f0
func@0x5b420	0.580336	0.580336	0.235136	0.345200	0.0	0.0	0.0	0.0	0.0	768000000	16.4	16.4	2.500000	libstdc++.so.6.0.19	func@0x5b420	[Unknown]	0x5b420
std::vector<Core::Spectrum*, std::allocator<Core::Spectrum*>>::_M_realloc_insert<Core::Spectrum* const&>	0.495287	0.495287	0.0	0.495287	0.0	0.0	0.0	0.0	0.0	816000000	18.4	18.4	2.294118	mscrush_on_general_charge	void std::vector<Core::Spectrum*, std::allocator<Core::Spectrum*>>::_M_realloc_insert<Core::Spectrum* const&>(__gnu_cxx::__normal_iterator<Core::Spectrum**, std::vector<Core::Spectrum*, std::allocator<Core::Spectrum*>>>, Core::Spectrum* const&&&)	[Unknown]	0x40cc20
Utility::IO::RemoveAdjacentPeaks	0.465270	0.465270	0.140081	0.325188	0.0	0.0	0.0	0.0	0.0	2192000000	58.1	58.1	0.671533	mscrush_on_general_charge	Utility::IO::RemoveAdjacentPeaks(std::vector<Core::Peak, std::allocator<Core::Peak>>*, float)	[Unknown]	0x409690
std::__insertion_sort<__gnu_cxx::__normal_iterator<Core::Peak*, std::vector<Core::Peak, std::allocator<Core::Peak>>>, __gnu_cxx::__ops::_Iter_comp_iter<Utility::IO::SelectTopPeakMZ(std::vector<Core::Peak, std::allocator<Core::Peak>> const&, int)::{lambda(Core::Peak const&Core::Peak const&)#1}>>.isra.235	0.455264	0.455264	0.175101	0.280162	0.0	0.0	0.0	0.0	0.0	736000000	28.0	28.0	1.891304	mscrush_on_general_charge	void std::__insertion_sort<__gnu_cxx::__normal_iterator<Core::Peak*, std::vector<Core::Peak, std::allocator<Core::Peak>>>, __gnu_cxx::__ops::_Iter_comp_iter<Utility::IO::SelectTopPeakMZ(std::vector<Core::Peak, std::allocator<Core::Peak>> const&, int)::{lambda(Core::Peak const&Core::Peak const&)#1}>>(__gnu_cxx::__normal_iterator<Core::Peak*, std::vector<Core::Peak, std::allocator<Core::Peak>>>, __gnu_cxx::__normal_iterator<Core::Peak*, std::vector<Core::Peak, std::allocator<Core::Peak>>>, __gnu_cxx::__ops::_Iter_comp_iter<Utility::IO::SelectTopPeakMZ(std::vector<Core::Peak, std::allocator<Core::Peak>> const&, int)::{lambda(Core::Peak const&Core::Peak const&)#1}>).isra.235	[Unknown]	0x407e70
func@0x59070	0.425246	0.425246	0.240139	0.185107	0.0	0.0	0.0	0.0	0.0	272000000	13.8	13.8	5.588235	libstdc++.so.6.0.19	func@0x59070	[Unknown]	0x59070
func@0x5ad60	0.415241	0.415241	0.165096	0.250145	0.0	0.0	0.0	0.0	0.0	3440000000	100.0	100.0	0.344186	libstdc++.so.6.0.19	func@0x5ad60	[Unknown]	0x5ad60
[Outside any known module]	0.410238	0.410238	0.115067	0.245142	0.040023	0.010006	0.0	0.0	0.0	160000000	17.9	17.9	8.400000	[Unknown]	[Outside any known module]	[Unknown]	0x0
std::__insertion_sort<__gnu_cxx::__normal_iterator<Core::Peak*, std::vector<Core::Peak, std::allocator<Core::Peak>>>, __gnu_cxx::__ops::_Iter_less_iter>.constprop.312	0.390226	0.390226	0.150087	0.240139	0.0	0.0	0.0	0.0	0.0	976000000	32.1	32.1	1.245902	mscrush_on_general_charge	void std::__insertion_sort<__gnu_cxx::__normal_iterator<Core::Peak*, std::vector<Core::Peak, std::allocator<Core::Peak>>>, __gnu_cxx::__ops::_Iter_less_iter>(__gnu_cxx::__normal_iterator<Core::Peak*, std::vector<Core::Peak, std::allocator<Core::Peak>>>, __gnu_cxx::__normal_iterator<Core::Peak*, std::vector<Core::Peak, std::allocator<Core::Peak>>>, __gnu_cxx::__ops::_Iter_less_iter).constprop.312	[Unknown]	0x408410
Core::LSH::generateNormalHashFunc	0.360209	0.360209	0.0	0.245142	0.115067	0.0	0.0	0.0	0.0	960000000	42.1	42.1	1.483333	mscrush_on_general_charge	Core::LSH::generateNormalHashFunc(int)	[Unknown]	0x40e9f0
func@0x403a00	0.345200	0.345200	0.155090	0.190110	0.0	0.0	0.0	0.0	0.0	416000000	36.1	36.1	3.692308	mscrush_on_general_charge	func@0x403a00	[Unknown]	0x403a00
roundf	0.340197	0.340197	0.090052	0.250145	0.0	0.0	0.0	0.0	0.0	1952000000	67.7	67.7	0.737705	libm-2.17.so	roundf	[Unknown]	0x32a80
____strtof_l_internal	0.325188	0.325188	0.170099	0.155090	0.0	0.0	0.0	0.0	0.0	544000000	24.5	24.5	1.911765	libc-2.17.so	____strtof_l_internal	[Unknown]	0x3c0d0
Utility::IO::MergeTwoPeaks	0.315183	0.315183	0.0	0.315183	0.0	0.0	0.0	0.0	0.0	1408000000	44.6	44.6	0.931818	mscrush_on_general_charge	Utility::IO::MergeTwoPeaks(std::vector<Core::Peak, std::allocator<Core::Peak>> const&, std::vector<Core::Peak, std::allocator<Core::Peak>> const&, std::vector<Core::Peak, std::allocator<Core::Peak>>*)	[Unknown]	0x40a080
std::vector<Core::Peak, std::allocator<Core::Peak>>::operator=	0.300174	0.300174	0.100058	0.200116	0.0	0.0	0.0	0.0	0.0	960000000	50.0	50.0	1.000000	mscrush_on_general_charge	std::vector<Core::Peak, std::allocator<Core::Peak>>::operator=(std::vector<Core::Peak, std::allocator<Core::Peak>> const&)	[Unknown]	0x40c820
SaveClusters	0.265154	0.265154	0.005003	0.260151	0.0	0.0	0.0	0.0	0.0	96000000	1.9	1.9	8.166667	mscrush_on_general_charge	SaveClusters(std::vector<Core::Spectrum*, std::allocator<Core::Spectrum*>> const&, bool, std::string)	[Unknown]	0x40f920
operator new	0.250145	0.250145	0.055032	0.190110	0.005003	0.0	0.0	0.0	0.0	784000000	45.1	45.1	1.102041	libstdc++.so.6.0.19	operator new(unsigned long)	[Unknown]	0x5f170
std::vector<Core::EmbededPeak, std::allocator<Core::EmbededPeak>>::operator=	0.220128	0.220128	0.100058	0.120070	0.0	0.0	0.0	0.0	0.0	1184000000	96.3	96.3	0.500000	mscrush_on_general_charge	std::vector<Core::EmbededPeak, std::allocator<Core::EmbededPeak>>::operator=(std::vector<Core::EmbededPeak, std::allocator<Core::EmbededPeak>> const&)	[Unknown]	0x40c670
std::string::string	0.165096	0.165096	0.080046	0.085049	0.0	0.0	0.0	0.0	0.0	160000000	48.2	48.2	3.500000	libstdc++.so.6.0.19	std::string::string(std::string const&)	[Unknown]	0xbef60
Cluster	0.160093	0.160093	0.005003	0.155090	0.0	0.0	0.0	0.0	0.0	32000000	2.5	2.5	18.500000	mscrush_on_general_charge	Cluster(std::vector<Core::Spectrum*, std::allocator<Core::Spectrum*>>*, Core::HyperParams&, char, std::vector<Core::Spectrum*, std::allocator<Core::Spectrum*>>*, int)	[Unknown]	0x412850
std::vector<Core::Spectrum*, std::allocator<Core::Spectrum*>>::_M_range_insert<__gnu_cxx::__normal_iterator<Core::Spectrum**, std::vector<Core::Spectrum*, std::allocator<Core::Spectrum*>>>>.constprop.332	0.160093	0.160093	0.0	0.120070	0.040023	0.0	0.0	0.0	0.0	608000000	25.6	25.6	0.868421	mscrush_on_general_charge	void std::vector<Core::Spectrum*, std::allocator<Core::Spectrum*>>::_M_range_insert<__gnu_cxx::__normal_iterator<Core::Spectrum**, std::vector<Core::Spectrum*, std::allocator<Core::Spectrum*>>>>(__gnu_cxx::__normal_iterator<Core::Spectrum**, std::vector<Core::Spectrum*, std::allocator<Core::Spectrum*>>>, __gnu_cxx::__normal_iterator<Core::Spectrum**, std::vector<Core::Spectrum*, std::allocator<Core::Spectrum*>>>, __gnu_cxx::__normal_iterator<Core::Spectrum**, std::vector<Core::Spectrum*, std::allocator<Core::Spectrum*>>>, std::forward_iterator_tag).constprop.332	[Unknown]	0x40f5d0
__memcmp_sse4_1	0.120070	0.120070	0.065038	0.055032	0.0	0.0	0.0	0.0	0.0	208000000	26.8	26.8	1.615385	libc-2.17.so	__memcmp_sse4_1	[Unknown]	0x16a0d0
operator delete	0.105061	0.105061	0.035020	0.070041	0.0	0.0	0.0	0.0	0.0	64000000	4.5	4.5	5.250000	libstdc++.so.6.0.19	operator delete(void*)	[Unknown]	0x5d2e0
std::basic_filebuf<char, std::char_traits<char>>::underflow	0.105061	0.105061	0.055032	0.050029	0.0	0.0	0.0	0.0	0.0	240000000	15.6	15.6	1.600000	libstdc++.so.6.0.19	std::basic_filebuf<char, std::char_traits<char>>::underflow(void)	[Unknown]	0xb5f00
std::string::assign	0.090052	0.090052	0.060035	0.030017	0.0	0.0	0.0	0.0	0.0	272000000	40.8	40.8	1.352941	libstdc++.so.6.0.19	std::string::assign(std::string const&)	[Unknown]	0xbefe0
str_to_mpn.isra.0	0.085049	0.085049	0.030017	0.055032	0.0	0.0	0.0	0.0	0.0	336000000	30.0	30.0	1.190476	libc-2.17.so	str_to_mpn.isra.0	[Unknown]	0x3b9b0
func@0x4035f0	0.080046	0.080046	0.025014	0.055032	0.0	0.0	0.0	0.0	0.0	496000000	100.0	100.0	0.290323	mscrush_on_general_charge	func@0x4035f0	[Unknown]	0x4035f0
func@0x5b55c	0.070041	0.070041	0.010006	0.060035	0.0	0.0	0.0	0.0	0.0	80000000	36.5	36.5	3.600000	libstdc++.so.6.0.19	func@0x5b55c	[Unknown]	0x5b55c
func@0x59840	0.065038	0.065038	0.035020	0.030017	0.0	0.0	0.0	0.0	0.0	736000000	55.6	55.6	0.586957	libstdc++.so.6.0.19	func@0x59840	[Unknown]	0x59840
std::__basic_file<char>::xsgetn	0.065038	0.065038	0.030017	0.035020	0.0	0.0	0.0	0.0	0.0	32000000	8.5	8.5	5.500000	libstdc++.so.6.0.19	std::__basic_file<char>::xsgetn(char*, long)	[Unknown]	0x7c590
std::string::_Rep::_S_create	0.060035	0.060035	0.015009	0.045026	0.0	0.0	0.0	0.0	0.0	256000000	40.2	40.2	0.437500	libstdc++.so.6.0.19	std::string::_Rep::_S_create(unsigned long, unsigned long, std::allocator<char> const&)	[Unknown]	0xbdc80
std::string::_M_leak_hard	0.055032	0.055032	0.020012	0.035020	0.0	0.0	0.0	0.0	0.0	64000000	41.7	41.7	2.250000	libstdc++.so.6.0.19	std::string::_M_leak_hard(void)	[Unknown]	0xbe000
std::string::_Rep::_M_clone	0.055032	0.055032	0.040023	0.015009	0.0	0.0	0.0	0.0	0.0	32000000	40.2	40.2	3.500000	libstdc++.so.6.0.19	std::string::_Rep::_M_clone(std::allocator<char> const&, unsigned long)	[Unknown]	0xbe8d0
std::string::append	0.055032	0.055032	0.0	0.055032	0.0	0.0	0.0	0.0	0.0	16000000	0.0	0.0	4.000000	libstdc++.so.6.0.19	std::string::append(std::string const&)	[Unknown]	0xbea20
func@0x4033c0	0.050029	0.050029	0.005003	0.045026	0.0	0.0	0.0	0.0	0.0	80000000	12.5	12.5	3.000000	mscrush_on_general_charge	func@0x4033c0	[Unknown]	0x4033c0
func@0x59c20	0.050029	0.050029	0.010006	0.035020	0.005003	0.0	0.0	0.0	0.0	16000000	7.2	7.2	13.000000	libstdc++.so.6.0.19	func@0x59c20	[Unknown]	0x59c20
__lll_lock_wait_private	0.040023	0.040023	0.0	0.040023	0.0	0.0	0.0	0.0	0.0	16000000	9.4	9.4	10.000000	libc-2.17.so	__lll_lock_wait_private	[Unknown]	0x10c6d0
__memcpy_sse2	0.040023	0.040023	0.025014	0.015009	0.0	0.0	0.0	0.0	0.0	32000000	8.5	8.5	5.500000	libc-2.17.so	__memcpy_sse2	[Unknown]	0x94bd0
fileno	0.040023	0.040023	0.035020	0.005003	0.0	0.0	0.0	0.0	0.0	32000000	37.5	37.5	2.500000	libc-2.17.so	fileno	[Unknown]	0x77130
std::string::_S_construct<char*>	0.040023	0.040023	0.020012	0.020012	0.0	0.0	0.0	0.0	0.0	112000000	26.8	26.8	1.000000	libstdc++.so.6.0.19	char* std::string::_S_construct<char*>(char*, char*, std::allocator<char> const&, std::forward_iterator_tag)	[Unknown]	0xbf350
std::string::string	0.040023	0.040023	0.010006	0.030017	0.0	0.0	0.0	0.0	0.0	96000000	6.7	6.7	2.333333	libstdc++.so.6.0.19	std::string::string(char const*, std::allocator<char> const&)	[Unknown]	0xbf960
__read	0.035020	0.0	0.0	0.0	0.0	0.0	0.0	0.035020	0.0	16000000	75.0	75.0	5.000000	libpthread-2.17.so	__read	[Unknown]	0xe730
round_and_return	0.035020	0.035020	0.025014	0.010006	0.0	0.0	0.0	0.0	0.0	112000000	31.3	31.3	1.285714	libc-2.17.so	round_and_return	[Unknown]	0x3bc30
std::string::_Rep::_M_destroy	0.035020	0.035020	0.015009	0.020012	0.0	0.0	0.0	0.0	0.0	0	0.0	0.0		libstdc++.so.6.0.19	std::string::_Rep::_M_destroy(std::allocator<char> const&)	[Unknown]	0xbddc0
std::string::_S_construct<char const*>	0.035020	0.035020	0.020012	0.015009	0.0	0.0	0.0	0.0	0.0	176000000	42.6	42.6	1.000000	libstdc++.so.6.0.19	char* std::string::_S_construct<char const*>(char const*, char const*, std::allocator<char> const&, std::forward_iterator_tag)	[Unknown]	0xbf540
func@0x594c0	0.030017	0.030017	0.005003	0.025014	0.0	0.0	0.0	0.0	0.0	112000000	35.2	35.2	2.285714	libstdc++.so.6.0.19	func@0x594c0	[Unknown]	0x594c0
func@0x7c3b0	0.030017	0.030017	0.0	0.030017	0.0	0.0	0.0	0.0	0.0	0	0.0	0.0		libstdc++.so.6.0.19	func@0x7c3b0	[Unknown]	0x7c3b0
std::_Hash_bytes	0.030017	0.030017	0.015009	0.015009	0.0	0.0	0.0	0.0	0.0	160000000	26.8	26.8	0.700000	libstdc++.so.6.0.19	std::_Hash_bytes(void const*, unsigned long, unsigned long)	[Unknown]	0x5f030
std::codecvt<char, char, __mbstate_t>::do_always_noconv	0.030017	0.030017	0.025014	0.005003	0.0	0.0	0.0	0.0	0.0	16000000	11.7	11.7	8.000000	libstdc++.so.6.0.19	std::codecvt<char, char, __mbstate_t>::do_always_noconv(void) const	[Unknown]	0x6a9f0
std::string::string	0.030017	0.030017	0.010006	0.020012	0.0	0.0	0.0	0.0	0.0	64000000	23.4	23.4	3.000000	libstdc++.so.6.0.19	std::string::string(std::string const&, unsigned long, unsigned long)	[Unknown]	0xbf410
__memset_sse2	0.025014	0.025014	0.010006	0.010006	0.005003	0.0	0.0	0.0	0.0	16000000	0.0	0.0	8.000000	libc-2.17.so	__memset_sse2	[Unknown]	0x8fa00
__mpn_lshift	0.025014	0.025014	0.015009	0.010006	0.0	0.0	0.0	0.0	0.0	0	0.0	0.0		libc-2.17.so	__mpn_lshift	[Unknown]	0x46880
func@0x5ab00	0.025014	0.025014	0.015009	0.010006	0.0	0.0	0.0	0.0	0.0	16000000	93.8	93.8	2.000000	libstdc++.so.6.0.19	func@0x5ab00	[Unknown]	0x5ab00
log	0.025014	0.025014	0.0	0.025014	0.0	0.0	0.0	0.0	0.0	32000000	0.0	0.0	1.000000	libm-2.17.so	log	[Unknown]	0x26310
std::__introsort_loop<__gnu_cxx::__normal_iterator<float*, std::vector<float, std::allocator<float>>>, long, __gnu_cxx::__ops::_Iter_less_iter>.constprop.300	0.025014	0.025014	0.020012	0.005003	0.0	0.0	0.0	0.0	0.0	48000000	37.5	37.5	1.666667	mscrush_on_general_charge	void std::__introsort_loop<__gnu_cxx::__normal_iterator<float*, std::vector<float, std::allocator<float>>>, long, __gnu_cxx::__ops::_Iter_less_iter>(__gnu_cxx::__normal_iterator<float*, std::vector<float, std::allocator<float>>>, __gnu_cxx::__normal_iterator<float*, std::vector<float, std::allocator<float>>>, long, __gnu_cxx::__ops::_Iter_less_iter).constprop.300	[Unknown]	0x408240
std::vector<Core::Peak, std::allocator<Core::Peak>>::_M_realloc_insert<Core::Peak const&>	0.025014	0.025014	0.0	0.025014	0.0	0.0	0.0	0.0	0.0	96000000	53.6	53.6	1.166667	mscrush_on_general_charge	void std::vector<Core::Peak, std::allocator<Core::Peak>>::_M_realloc_insert<Core::Peak const&>(__gnu_cxx::__normal_iterator<Core::Peak*, std::vector<Core::Peak, std::allocator<Core::Peak>>>, Core::Peak const&&&)	[Unknown]	0x40cef0
__GI_strlen	0.020012	0.020012	0.015009	0.005003	0.0	0.0	0.0	0.0	0.0	32000000	0.0	0.0	4.000000	libc-2.17.so	__GI_strlen	[Unknown]	0x8ce60
__lll_unlock_wake_private	0.020012	0.020012	0.0	0.020012	0.0	0.0	0.0	0.0	0.0	0	0.0	0.0		libc-2.17.so	__lll_unlock_wake_private	[Unknown]	0x10c700
__mpn_construct_float	0.020012	0.020012	0.015009	0.005003	0.0	0.0	0.0	0.0	0.0	16000000	46.9	46.9	2.000000	libc-2.17.so	__mpn_construct_float	[Unknown]	0x47d80
__strlen_sse2_pminub	0.020012	0.020012	0.010006	0.010006	0.0	0.0	0.0	0.0	0.0	112000000	31.3	31.3	0.857143	libc-2.17.so	__strlen_sse2_pminub	[Unknown]	0x16f7a0
std::__basic_file<char>::fd	0.020012	0.020012	0.015009	0.005003	0.0	0.0	0.0	0.0	0.0	0	0.0	0.0		libstdc++.so.6.0.19	std::__basic_file<char>::fd(void)	[Unknown]	0x7c4f0
std::__ostream_insert<char, std::char_traits<char>>	0.020012	0.020012	0.0	0.020012	0.0	0.0	0.0	0.0	0.0	80000000	23.4	23.4	0.800000	libstdc++.so.6.0.19	std::basic_ostream<char, std::char_traits<char>>& std::__ostream_insert<char, std::char_traits<char>>(std::basic_ostream<char, std::char_traits<char>>&, char const*, long)	[Unknown]	0x969a0
std::vector<float, std::allocator<float>>::operator=	0.020012	0.020012	0.010006	0.010006	0.0	0.0	0.0	0.0	0.0	96000000	11.7	11.7	1.333333	mscrush_on_general_charge	std::vector<float, std::allocator<float>>::operator=(std::vector<float, std::allocator<float>> const&)	[Unknown]	0x40c9e0
__mpn_mul	0.015009	0.015009	0.005003	0.010006	0.0	0.0	0.0	0.0	0.0	32000000	0.0	0.0	2.500000	libc-2.17.so	__mpn_mul	[Unknown]	0x46af0
__mpn_mul_1	0.015009	0.015009	0.010006	0.005003	0.0	0.0	0.0	0.0	0.0	32000000	0.0	0.0	2.000000	libc-2.17.so	__mpn_mul_1	[Unknown]	0x46f20
func@0x403910	0.015009	0.015009	0.0	0.015009	0.0	0.0	0.0	0.0	0.0	176000000	15.6	15.6	0.545455	mscrush_on_general_charge	func@0x403910	[Unknown]	0x403910
func@0x59660	0.015009	0.015009	0.010006	0.005003	0.0	0.0	0.0	0.0	0.0	0	0.0	0.0		libstdc++.so.6.0.19	func@0x59660	[Unknown]	0x59660
func@0x5b4f4	0.015009	0.015009	0.010006	0.005003	0.0	0.0	0.0	0.0	0.0	0	0.0	0.0		libstdc++.so.6.0.19	func@0x5b4f4	[Unknown]	0x5b4f4
std::_Hashtable<std::string, std::pair<std::string const, int>, std::allocator<std::pair<std::string const, int>>, std::__detail::_Select1st, std::equal_to<std::string>, std::hash<std::string>, std::__detail::_Mod_range_hashing, std::__detail::_Default_ranged_hash, std::__detail::_Prime_rehash_policy, std::__detail::_Hashtable_traits<(bool)1, (bool)0, (bool)1>>::~_Hashtable	0.015009	0.015009	0.0	0.015009	0.0	0.0	0.0	0.0	0.0	0	0.0	0.0		mscrush_on_general_charge	std::_Hashtable<std::string, std::pair<std::string const, int>, std::allocator<std::pair<std::string const, int>>, std::__detail::_Select1st, std::equal_to<std::string>, std::hash<std::string>, std::__detail::_Mod_range_hashing, std::__detail::_Default_ranged_hash, std::__detail::_Prime_rehash_policy, std::__detail::_Hashtable_traits<(bool)1, (bool)0, (bool)1>>::~_Hashtable(void)	[Unknown]	0x418020
__default_morecore	0.010006	0.010006	0.005003	0.005003	0.0	0.0	0.0	0.0	0.0	0	0.0	0.0	0.0	libc-2.17.so	__default_morecore	[Unknown]	0x88ed0
func@0x177b0	0.010006	0.010006	0.0	0.005003	0.005003	0.0	0.0	0.0	0.0	0	0.0	0.0	0.0	libgomp.so.1.0.0	func@0x177b0	[Unknown]	0x177b0
func@0x18dc0	0.010006	0.010006	0.0	0.0	0.010006	0.0	0.0	0.0	0.0	0	0.0	0.0	0.0	libgomp.so.1.0.0	func@0x18dc0	[Unknown]	0x18dc0
func@0x4032f0	0.010006	0.010006	0.0	0.010006	0.0	0.0	0.0	0.0	0.0	112000000	37.5	37.5	0.714286	mscrush_on_general_charge	func@0x4032f0	[Unknown]	0x4032f0
func@0x4034b0	0.010006	0.010006	0.010006	0.0	0.0	0.0	0.0	0.0	0.0	0	0.0	0.0		mscrush_on_general_charge	func@0x4034b0	[Unknown]	0x4034b0
func@0x8a5d0	0.010006	0.010006	0.0	0.010006	0.0	0.0	0.0	0.0	0.0	80000000	78.1	78.1	1.200000	libstdc++.so.6.0.19	func@0x8a5d0	[Unknown]	0x8a5d0
std::_Hashtable<std::string, std::pair<std::string const, int>, std::allocator<std::pair<std::string const, int>>, std::__detail::_Select1st, std::equal_to<std::string>, std::hash<std::string>, std::__detail::_Mod_range_hashing, std::__detail::_Default_ranged_hash, std::__detail::_Prime_rehash_policy, std::__detail::_Hashtable_traits<(bool)1, (bool)0, (bool)1>>::_M_rehash	0.010006	0.010006	0.0	0.010006	0.0	0.0	0.0	0.0	0.0	0	0.0	0.0		mscrush_on_general_charge	std::_Hashtable<std::string, std::pair<std::string const, int>, std::allocator<std::pair<std::string const, int>>, std::__detail::_Select1st, std::equal_to<std::string>, std::hash<std::string>, std::__detail::_Mod_range_hashing, std::__detail::_Default_ranged_hash, std::__detail::_Prime_rehash_policy, std::__detail::_Hashtable_traits<(bool)1, (bool)0, (bool)1>>::_M_rehash(unsigned long, unsigned long const&)	[Unknown]	0x40d5c0
std::basic_filebuf<char, std::char_traits<char>>::_M_convert_to_external	0.010006	0.010006	0.0	0.010006	0.0	0.0	0.0	0.0	0.0	0	100.0	100.0		libstdc++.so.6.0.19	std::basic_filebuf<char, std::char_traits<char>>::_M_convert_to_external(char*, long)	[Unknown]	0xb72b0
std::basic_filebuf<char, std::char_traits<char>>::xsputn	0.010006	0.010006	0.0	0.010006	0.0	0.0	0.0	0.0	0.0	16000000	13.4	13.4	7.000000	libstdc++.so.6.0.19	std::basic_filebuf<char, std::char_traits<char>>::xsputn(char const*, long)	[Unknown]	0xb5c40
std::locale::id::_M_id	0.010006	0.010006	0.0	0.010006	0.0	0.0	0.0	0.0	0.0	32000000	0.0	0.0	0.0	libstdc++.so.6.0.19	std::locale::id::_M_id(void) const	[Unknown]	0x70010
std::ostream::_M_insert<long>	0.010006	0.010006	0.0	0.010006	0.0	0.0	0.0	0.0	0.0	64000000	0.0	0.0	0.0	libstdc++.so.6.0.19	std::ostream& std::ostream::_M_insert<long>(long)	[Unknown]	0x96fb0
std::ostream::put	0.010006	0.010006	0.0	0.010006	0.0	0.0	0.0	0.0	0.0	32000000	0.0	0.0	0.500000	libstdc++.so.6.0.19	std::ostream::put(char)	[Unknown]	0x964f0
std::ostream::sentry::sentry	0.010006	0.010006	0.0	0.010006	0.0	0.0	0.0	0.0	0.0	96000000	31.3	31.3	0.500000	libstdc++.so.6.0.19	std::ostream::sentry::sentry(std::ostream&)	[Unknown]	0x96290
std::string::append	0.010006	0.010006	0.0	0.010006	0.0	0.0	0.0	0.0	0.0	0	0.0	0.0		libstdc++.so.6.0.19	std::string::append(unsigned long, char)	[Unknown]	0xbed30
std::string::swap	0.010006	0.010006	0.0	0.010006	0.0	0.0	0.0	0.0	0.0	32000000	0.0	0.0	2.000000	libstdc++.so.6.0.19	std::string::swap(std::string&)	[Unknown]	0xbd270
sysmalloc	0.010006	0.010006	0.0	0.010006	0.0	0.0	0.0	0.0	0.0	0	0.0	0.0		libc-2.17.so	sysmalloc	[Unknown]	0x817a0
GOMP_parallel	0.005003	0.005003	0.0	0.005003	0.0	0.0	0.0	0.0	0.0	0	0.0	0.0	0.0	libgomp.so.1.0.0	GOMP_parallel	[Unknown]	0xe020
_L_unlock_16624	0.005003	0.005003	0.0	0.005003	0.0	0.0	0.0	0.0	0.0	0	0.0	0.0		libc-2.17.so	_L_unlock_16624	[Unknown]	0x88b78
__GI___mempcpy	0.005003	0.005003	0.0	0.005003	0.0	0.0	0.0	0.0	0.0	0	0.0	0.0	0.0	libc-2.17.so	__GI___mempcpy	[Unknown]	0x8fb70
__GI___printf_fp_l	0.005003	0.005003	0.0	0.0	0.005003	0.0	0.0	0.0	0.0	0	0.0	0.0		libc-2.17.so	__GI___printf_fp_l	[Unknown]	0x4e2a0
__errno_location	0.005003	0.0	0.0	0.0	0.0	0.0	0.0	0.005003	0.0	64000000	0.0	0.0	3.500000	libpthread-2.17.so	__errno_location	[Unknown]	0x10da0
__exp1	0.005003	0.005003	0.0	0.005003	0.0	0.0	0.0	0.0	0.0	0	0.0	0.0	0.0	libm-2.17.so	__exp1	[Unknown]	0x10400
__pthread_enable_asynccancel	0.005003	0.0	0.0	0.0	0.0	0.0	0.0	0.005003	0.0	32000000	93.8	93.8	1.000000	libpthread-2.17.so	__pthread_enable_asynccancel	[Unknown]	0xe440
__uselocale	0.005003	0.005003	0.0	0.005003	0.0	0.0	0.0	0.0	0.0	0	0.0	0.0	0.0	libc-2.17.so	__uselocale	[Unknown]	0x2ee70
func@0x4036c0	0.005003	0.005003	0.0	0.005003	0.0	0.0	0.0	0.0	0.0	64000000	0.0	0.0	1.000000	mscrush_on_general_charge	func@0x4036c0	[Unknown]	0x4036c0
func@0x403920	0.005003	0.005003	0.0	0.005003	0.0	0.0	0.0	0.0	0.0	0	93.8	93.8		mscrush_on_general_charge	func@0x403920	[Unknown]	0x403920
func@0x4039a0	0.005003	0.005003	0.005003	0.0	0.0	0.0	0.0	0.0	0.0	32000000			0.0	mscrush_on_general_charge	func@0x4039a0	[Unknown]	0x4039a0
func@0x58ca0	0.005003	0.005003	0.0	0.005003	0.0	0.0	0.0	0.0	0.0	0	0.0	0.0	0.0	libstdc++.so.6.0.19	func@0x58ca0	[Unknown]	0x58ca0
func@0x590e0	0.005003	0.005003	0.0	0.005003	0.0	0.0	0.0	0.0	0.0	48000000	31.3	31.3	1.000000	libstdc++.so.6.0.19	func@0x590e0	[Unknown]	0x590e0
func@0x593b0	0.005003	0.005003	0.0	0.005003	0.0	0.0	0.0	0.0	0.0	0	46.9	46.9		libstdc++.so.6.0.19	func@0x593b0	[Unknown]	0x593b0
func@0x59c60	0.005003	0.005003	0.0	0.005003	0.0	0.0	0.0	0.0	0.0	0			0.0	libstdc++.so.6.0.19	func@0x59c60	[Unknown]	0x59c60
func@0x5a240	0.005003	0.005003	0.0	0.005003	0.0	0.0	0.0	0.0	0.0	0	0.0	0.0	0.0	libstdc++.so.6.0.19	func@0x5a240	[Unknown]	0x5a240
heap_trim	0.005003	0.005003	0.0	0.005003	0.0	0.0	0.0	0.0	0.0	0	0.0	0.0	0.0	libc-2.17.so	heap_trim	[Unknown]	0x7fdc0
main	0.005003	0.005003	0.0	0.005003	0.0	0.0	0.0	0.0	0.0	16000000	0.0	0.0	2.000000	mscrush_on_general_charge	main	[Unknown]	0x405740
merge_spectra	0.005003	0.005003	0.0	0.005003	0.0	0.0	0.0	0.0	0.0	0	0.0	0.0		mscrush_on_general_charge	merge_spectra(std::vector<Core::Spectrum*, std::allocator<Core::Spectrum*>>*, std::vector<std::vector<Core::Spectrum*, std::allocator<Core::Spectrum*>>*, std::allocator<std::vector<Core::Spectrum*, std::allocator<Core::Spectrum*>>*>> const&)	[Unknown]	0x40fc90
std::basic_filebuf<char, std::char_traits<char>>::overflow	0.005003	0.005003	0.0	0.005003	0.0	0.0	0.0	0.0	0.0	16000000	46.9	46.9	2.000000	libstdc++.so.6.0.19	std::basic_filebuf<char, std::char_traits<char>>::overflow(int)	[Unknown]	0xb7de0
std::chrono::_V2::system_clock::now	0.005003	0.005003	0.0	0.005003	0.0	0.0	0.0	0.0	0.0	0	0.0	0.0		libstdc++.so.6.0.19	std::chrono::_V2::system_clock::now(void)	[Unknown]	0xb1a20
std::num_put<char, std::ostreambuf_iterator<char, std::char_traits<char>>>::_M_insert_int<long>	0.005003	0.005003	0.0	0.005003	0.0	0.0	0.0	0.0	0.0	32000000	0.0	0.0	1.000000	libstdc++.so.6.0.19	std::ostreambuf_iterator<char, std::char_traits<char>> std::num_put<char, std::ostreambuf_iterator<char, std::char_traits<char>>>::_M_insert_int<long>(std::ostreambuf_iterator<char, std::char_traits<char>>, std::ios_base&, char, long) const	[Unknown]	0x8a680
std::num_put<char, std::ostreambuf_iterator<char, std::char_traits<char>>>::do_put	0.005003	0.005003	0.0	0.005003	0.0	0.0	0.0	0.0	0.0	0	0.0	0.0	0.0	libstdc++.so.6.0.19	std::num_put<char, std::ostreambuf_iterator<char, std::char_traits<char>>>::do_put(std::ostreambuf_iterator<char, std::char_traits<char>>, std::ios_base&, char, long) const	[Unknown]	0x8acf0
std::ostream::flush	0.005003	0.005003	0.0	0.005003	0.0	0.0	0.0	0.0	0.0	0			0.0	libstdc++.so.6.0.19	std::ostream::flush(void)	[Unknown]	0x95e40
std::ostream::operator<<	0.005003	0.005003	0.0	0.005003	0.0	0.0	0.0	0.0	0.0	0	0.0	0.0	0.0	libstdc++.so.6.0.19	std::ostream::operator<<(int)	[Unknown]	0x97200
std::vector<Core::Peak, std::allocator<Core::Peak>>::reserve	0.005003	0.005003	0.0	0.005003	0.0	0.0	0.0	0.0	0.0	0	31.3	31.3		mscrush_on_general_charge	std::vector<Core::Peak, std::allocator<Core::Peak>>::reserve(unsigned long)	[Unknown]	0x40cb20
strtof	0.005003	0.005003	0.005003	0.0	0.0	0.0	0.0	0.0	0.0	0			0.0	libc-2.17.so	strtof	[Unknown]	0x3b930
syscall	0.005003	0.005003	0.0	0.005003	0.0	0.0	0.0	0.0	0.0	0	0.0	0.0		libc-2.17.so	syscall	[Unknown]	0xf8d00
_IO_file_xsputn	0.0	0.0	0.0	0.0	0.0	0.0	0.0	0.0	0.0	16000000	0.0	0.0	1.000000	libc-2.17.so	_IO_file_xsputn	[Unknown]	0x7a9a0
func@0x403710	0.0	0.0	0.0	0.0	0.0	0.0	0.0	0.0	0.0	16000000			0.0	mscrush_on_general_charge	func@0x403710	[Unknown]	0x403710
func@0x4037a0	0.0	0.0	0.0	0.0	0.0	0.0	0.0	0.0	0.0	16000000	0.0	0.0	3.000000	mscrush_on_general_charge	func@0x4037a0	[Unknown]	0x4037a0
func@0x52b0	0.0	0.0	0.0	0.0	0.0	0.0	0.0	0.0	0.0	48000000	0.0	0.0	0.0	libm-2.17.so	func@0x52b0	[Unknown]	0x52b0
func@0x58cd0	0.0	0.0	0.0	0.0	0.0	0.0	0.0	0.0	0.0	0	62.5	62.5		libstdc++.so.6.0.19	func@0x58cd0	[Unknown]	0x58cd0
func@0x59ba0	0.0	0.0	0.0	0.0	0.0	0.0	0.0	0.0	0.0	16000000	0.0	0.0	0.0	libstdc++.so.6.0.19	func@0x59ba0	[Unknown]	0x59ba0
func@0x59df0	0.0	0.0	0.0	0.0	0.0	0.0	0.0	0.0	0.0	16000000	0.0	0.0	1.000000	libstdc++.so.6.0.19	func@0x59df0	[Unknown]	0x59df0
func@0x5b160	0.0	0.0	0.0	0.0	0.0	0.0	0.0	0.0	0.0	16000000	0.0	0.0	3.000000	libstdc++.so.6.0.19	func@0x5b160	[Unknown]	0x5b160
std::basic_filebuf<char, std::char_traits<char>>::sync	0.0	0.0	0.0	0.0	0.0	0.0	0.0	0.0	0.0	16000000	100.0	100.0	1.000000	libstdc++.so.6.0.19	std::basic_filebuf<char, std::char_traits<char>>::sync(void)	[Unknown]	0xb58f0
std::basic_streambuf<char, std::char_traits<char>>::xsputn	0.0	0.0	0.0	0.0	0.0	0.0	0.0	0.0	0.0	80000000	0.0	0.0	0.800000	libstdc++.so.6.0.19	std::basic_streambuf<char, std::char_traits<char>>::xsputn(char const*, long)	[Unknown]	0x9fe30
std::vector<std::vector<int, std::allocator<int>>*, std::allocator<std::vector<int, std::allocator<int>>*>>::_M_realloc_insert<std::vector<int, std::allocator<int>>*>	0.0	0.0	0.0	0.0	0.0	0.0	0.0	0.0	0.0	16000000	0.0	0.0	0.0	mscrush_on_general_charge	void std::vector<std::vector<int, std::allocator<int>>*, std::allocator<std::vector<int, std::allocator<int>>*>>::_M_realloc_insert<std::vector<int, std::allocator<int>>*>(__gnu_cxx::__normal_iterator<std::vector<int, std::allocator<int>>**, std::vector<std::vector<int, std::allocator<int>>*, std::allocator<std::vector<int, std::allocator<int>>*>>>, std::vector<int, std::allocator<int>>*&&)	[Unknown]	0x418bf0
write	0.0	0.0	0.0	0.0	0.0	0.0	0.0	0.0	0.0	0	46.9	46.9		libpthread-2.17.so	write	[Unknown]	0xe6d0
